,files
0,15515-PL 099 2019 LUCINILDO.pdf
1,8449-LEI NÂº 694.PDF
2,9077-2.768.pdf
3,11553-PARECER CCJ MEN 036 2019.pdf
4,9113-2.600.pdf
5,16129-PROJETO DE LEI NÂº 147 2019 - IVONALDO LIMA.pdf
6,570-21052014_AtosComissÃ£oAcessoTransparÃªncia.pdf
7,1277-Lei 2.372.pdf
8,9115-2.602.pdf
9,16438-LEI 2.867.pdf
10,9093-2.583.pdf
11,13612-095.pdf
12,11092-MENSAGEM 019.pdf
13,12917-106.pdf
14,13355-200.pdf
15,8450-LEI NÂº 695.PDF
16,13506-181.pdf
17,14947-PI nÂº 066 2019 - RAPHAEL PESSOA.pdf
18,13834-011.pdf
19,13854-108.pdf
20,12436-Decreto 2017.pdf
21,16434-PROJETO DE LEI NÂº 153 2019 - IVONALDO LIMA.pdf
22,15124-121.pdf
23,15652-142.pdf
24,1291-Lei 2.378.pdf
25,13735-190.pdf
26,15147-352.pdf
27,12961-286.pdf
28,912-LEI 2150.pdf
29,1397-lei_2225.pdf
30,16349-LEI 2.858.pdf
31,13606-074.pdf
32,990-LEI 2172.pdf
33,13365-252.pdf
34,15596-MENSAGEM 069.pdf
35,14606-MENSAGEM NÂº 052 2019.pdf
36,14519-MENSAGEM NÂº 049 2019.pdf
37,14465-Aditivo 931.pdf
38,13884-253.pdf
39,9075-2.765.pdf
40,13471-241.pdf
41,14382-PL nÂº 036 2019 - Tales Alves Saraiva.pdf
42,15063-184.pdf
43,11471-Lei nÂº2.792-2019.pdf
44,11391-PROJETO DE LEI 012 2019 - RAPHAEL PESSOA.pdf
45,1281-Lei 2.374.pdf
46,14267-PI nÂº 030 2019 - Pedro Rodrigues de Paula.pdf
47,13737-193.pdf
48,14629-LEI 2.805.pdf
49,9048-2.741.pdf
50,8992-2.726.pdf
51,11464-Lei nÂº2.786-2019.pdf
52,12951-244.pdf
53,14237-PI nÂº 006 2019 - Maria Ivani.pdf
54,11476-Lei nÂº2.795-2019.pdf
55,15036-ATA 4Âª ORDINÃRIA CCJ 2Âº SEMESTRE.pdf
56,1083-lei_2205.pdf
57,9260-2.660.pdf
58,1294-Lei 2.379.pdf
59,13842-050.pdf
60,15357-343.pdf
61,13516-173.pdf
62,15510-PROJETO DE LEI NÂº 0910 2019 - IVONALDO.pdf
63,16098-PROJETO DE LEI NÂº 140 2019 - HELENITA.pdf
64,13489-345.pdf
65,15273-096.pdf
66,1283-Lei 2.375.pdf
67,16190-MENSAGEM 085.pdf
68,14546-PROJETO DE LEI 039 2019 - TALES ALVES SARAIVA.pdf
69,14244-PI nÂº 013 2019 - Pedro Rodrigues.pdf
70,949-LEI 2164.pdf
71,14168-279.pdf
72,14936-MENSAGEM NÂº 058 2019 - EXECUTIVO.pdf
73,16378-rel-procuradoria-2019.pdf
74,13604-067.pdf
75,13339-091.pdf
76,8984-2.720.pdf
77,1436-Lei 2.411.pdf
78,9271-2.671.pdf
79,1145-lei_2211.pdf
80,14707-Lei 2.839.pdf
81,15272-088.pdf
82,1409-Lei 2.396.pdf
83,936-LEI 2159.pdf
84,15345-348.pdf
85,564-oficio-aprovacao-contas-2011.pdf
86,13862-149.pdf
87,16080-PROJETO DE LEI NÂº 125 2019 - LUCINILDO.pdf
88,13690-233.pdf
89,13375-331.pdf
90,15658-278.pdf
91,14171-297.pdf
92,9287-ResoluÃ§Ã£o 002 2016 - Selo Azul.pdf
93,14669-MENSAGEM 053.pdf
94,9170-2.647.pdf
95,14252-PI nÂº 015 2019 - Rafael Lacerda.pdf
96,13248-243.pdf
97,13903-366.pdf
98,9149-2.631.pdf
99,8436-LEI NÂº 681.PDF
100,14955-PL NÂº 077 2019 - IVONALDO.pdf
101,16395-RelatÃ³rio de Atividades Parlamentares 2019 - VER DEMI.pdf
102,14464-Contrato_930.pdf
103,11405-PROJETO DE LEI 021 2019 - JEORGENES.pdf
104,16201-MENSAGEM NÂº 082.pdf
105,16428-PROJETO DE LEI NÂº 149 2019 - JOSUÃ MARTINS FERREIRA.pdf
106,13013-Parecer CCJ nÂº 039 Executivo.pdf
107,13341-131.pdf
108,13802-231.pdf
109,922-LEI 2154.pdf
110,15950-MENSAGEM 081.pdf
111,8417-LEI NÂº 661.PDF
112,13467-216.pdf
113,13238-103.pdf
114,8985-2.721.pdf
115,1033-LEI 2192.pdf
116,11103-MENSAGEM 023.pdf
117,8963-2.701.pdf
118,992-LEI 2173.pdf
119,9509-RGF-3-QUADRIMESTRE-2018-cmmc.pdf
120,9036-2.731.pdf
121,9105-2.593.pdf
122,16177-LEI 2.846.pdf
123,806-Lei nÂº2.312.pdf
124,11067-MENSAGEM 003.pdf
125,8433-LEI NÂº 677.PDF
126,15232-265.pdf
127,9288-ResoluÃ§Ã£o 003 2016 - DispÃµe sobre a exclusÃ£o e inclusÃ£o de r.pdf
128,15256-268.pdf
129,13389-055.pdf
130,16400-RelatÃ³rio de Atividades Parlamentares 2019 - VER ALINE.pdf
131,1258-Lei 2.363.pdf
132,14328-Mensagem nÂº 043 2019.pdf
133,8412-LEI NÂº 657.PDF
134,9112-2.599.pdf
135,16383-RelatÃ³rio de Atividades Parlamentares 2019 - VER ROBERIO.pdf
136,14258-PI nÂº 021 2019 - Lucinildo.pdf
137,14555-PROJETO DE LEI 050 2019 - IVONALDO.pdf
138,13325-021.pdf
139,15627-094.pdf
140,1272-Lei 2.370.pdf
141,14499-PARECER CCJ PDL 06 2018.pdf
142,11322-PARECER MENS 033 CEDU.pdf
143,14700-Lei 2.832.pdf
144,14805-PROJETO DE LEI 075 2019 - IVONALDO.pdf
145,12985-017.pdf
146,13422-299.pdf
147,14607-PARECER PL NÂº 006 2019 CCJ.pdf
148,9066-2.756.pdf
149,12924-117.pdf
150,9117-2.604.pdf
151,9273-2.673.pdf
152,9080-2.771.pdf
153,16449-LEI 2.873.pdf
154,7974-LEI NÂº 651.PDF
155,1007-LEI 2181.pdf
156,16352-LEI 2.861.pdf
157,14146-107.pdf
158,14978-367.pdf
159,8987-2.723.pdf
160,9293-ResoluÃ§Ã£o 04 - PatrimÃ´nio com afixado.pdf
161,14498-PARECER CCJ MENSAGEM 48 2019.pdf
162,15266-046.pdf
163,9052-2.745.pdf
164,1004-LEI 2179.pdf
165,11470-Lei nÂº2.792-2019.pdf
166,11430-PROJETO DE LEI 025 2019 - JEORGENES.pdf
167,914-LEI 2151.pdf
168,1325-Lei 2.392.pdf
169,1077-lei_2202.pdf
170,16152-MENSAGEM 083.pdf
171,13814-290.pdf
172,13822-317.pdf
173,14884-PI nÂº 044 2019 - Tales Alves Saraiva.pdf
174,9101-2.589.pdf
175,1413-Lei 2.398.pdf
176,12792-Contrato_0926.pdf
177,14639-LEI 2.814.pdf
178,14556-PROJETO DE LEI 051 2019 - IVONALDO.pdf
179,1262-Lei 2.365.pdf
180,15259-316.pdf
181,13664-340.pdf
182,11079-MENSAGEM 006.pdf
183,13027-Parecer COFT nÂº 041 Executivo.pdf
184,11314-PARECER MENS 035 CCJ.pdf
185,8982-2.718.pdf
186,13034-Mensagem nÂº 039 2019.pdf
187,11489-Lei nÂº2.799-2019.pdf
188,16385-VER RAPHAEL RelatÃ³rio de Atividades Parlamentares 2019 - PESSOA.pdf
189,16455-PORTARIA COMISSÃO TRANSPARÃNCIA.pdf
190,8443-LEI NÂº 688.PDF
191,12977-229.pdf
192,1395-lei_2224.pdf
193,1417-Lei 2.400.pdf
194,942-LEI 2162.pdf
195,13522-293.pdf
196,8439-LEI NÂº 684.PDF
197,14953-PI NÂº 069 2019 - RAPHAEL PESSOA.pdf
198,1405-lei_2229.pdf
199,14434-MENSAGEM NÂº 047 2019.pdf
200,8408-LEI NÂº 654.PDF
201,11283-PARECER MENS 033 CCJ.pdf
202,9173-2.650.pdf
203,14529-PL NÂº 045 2019 - IVONALDO.pdf
204,1100-lei_2208.pdf
205,1011-LEI 2183.pdf
206,16433-PROJETO DE LEI NÂº 152 2019 - IVONALDO LIMA.pdf
207,13385-044.pdf
208,9040-2.735.pdf
209,14162-228.pdf
210,9291-ResoluÃ§Ã£o 02 de 2015- AuxÃ­lio transporte CÃ¢mara.pdf
211,14935-MENSAGEM NÂº 057 2019 - EXECUTIVO.pdf
212,11112-MENSAGEM 030.pdf
213,11559-PARECER CCJ MENS 021.pdf
214,15186-PROJETO DE LEI NÂº 085 2019 - IVONALDO.pdf
215,1079-lei_2203.pdf
216,13250-282.pdf
217,14504-PARECER CCJ  MENSAGEM NÂº 049 2019.pdf
218,13668-352.pdf
219,15025-PARECER PL 056 EXECUTIVO CCJ.pdf
220,8451-LEI NÂº 696.PDF
221,13207-275.pdf
222,12963-306.pdf
223,15518-PL 104 2019 RAFAEL LACERDA.pdf
224,11465-Lei nÂº2.787- 2019.pdf
225,16127-PROJETO DE LEI NÂº 144 2019 - IVONALDO.pdf
226,15632-149.pdf
227,9262-2.662.pdf
228,1317-Lei 2.389.pdf
229,16373-MENSAGEM 094.pdf
230,8361-rgf_2o-quadrimeste-2018-cmmc.pdf
231,8434-LEI NÂº 679.PDF
232,1279-Lei 2.373.pdf
233,11400-PROJETO DE LEI 020 2019 - JOSUÃ MARTINS.pdf
234,13463-180.pdf
235,1309-Lei 2.385.pdf
236,8952-2.694.pdf
237,11109-MENSAGEM 027.pdf
238,16077-PROJETO DE LEI NÂº 120 2019 - ROBÃRIO SANTOS OLIVEIRA.pdf
239,8948-2.690.pdf
240,1243-lei_2216.pdf
241,13025-Parecer COFT nÂº 040 Executivo.pdf
242,12957-272.pdf
243,15156-164.pdf
244,15683-PARECER 060 EXECUTIVO  CCJ.pdf
245,13434-362.pdf
246,14603-PARECER MENSAGEM 052 2019 - CCJ.pdf
247,8446-LEI NÂº 691.PDF
248,16083-PROJETO DE LEI NÂº 128 2019 - IVONALDO.pdf
249,13426-318.pdf
250,16354-PROJETO DE RESOLUÃÃO N Âº 001 2019 - RAPHAEL.pdf
251,13770-046.pdf
252,1000-LEI 2177.pdf
253,16085-PROJETO DE LEI NÂº 130 2019 - JOSUÃ MARTINS FERREIRA.pdf
254,13443-029.pdf
255,14649-LEI 2.829.pdf
256,11113-MENSAGEM 031.pdf
257,15888-PROJETO DE LEI NÂº 103 2019 ROBÃRIO.pdf
258,14134-354.pdf
259,15339-301.pdf
260,8954-2.696.pdf
261,9073-2.763.pdf
262,994-LEI 2174.pdf
263,11392-PROJETO DE LEI 013 2019 - RAPHAEL PESSOA.pdf
264,9091-2.581.pdf
265,15664-357.pdf
266,14759-PROJETO DE LEI 059 2019 - IVONALDO.pdf
267,1098-lei_2207.pdf
268,11558-PARECER EDUCAÃÃO  MENSAGEM 036 2019.pdf
269,14260-PI nÂº 023 2019 - Jeorgenes.pdf
270,13263-038.pdf
271,14648-LEI 2.830.pdf
272,10459-PL 003 2019 - RAPHAEL PESSOA.pdf
273,14969-321.pdf
274,16377-relgabpres2019.pdf
275,15284-172.pdf
276,15208-277.pdf
277,16346-LEI 2.856.pdf
278,8438-LEI NÂº 683.PDF
279,13164-332.pdf
280,16078-PROJETO DE LEI NÂº 122 2019 - ROBÃRIO SANTOS OLIVEIRA.pdf
281,9125-2.612.pdf
282,15121-100.pdf
283,8976-2.711.pdf
284,13132-080.pdf
285,15051-327.pdf
286,11487-Lei nÂº2.798-2019.pdf
287,11560-PARECER PROJETO DE DECRETO LEG 003 2019.pdf
288,8819-RESOLUÃÃO NÂº 005 DE 2018.pdf
289,16379-recursos-humanos-01-10-a-13-12-2019.pdf
290,14229-PI nÂº 002 2019 - Patriarca.pdf
291,13445-049.pdf
292,11023-parecer-da-ccj-sobre-projeto-031-2019.pdf
293,15136-238.pdf
294,11083-MENSAGEM 010.pdf
295,7115-rgf_3q2017.pdf
296,1268-Lei 2.368.pdf
297,15188-PROJETO DE LEI NÂº 081 2019 - IVONALDO.pdf
298,13521-288.pdf
299,14798-PROJETO DE LEI 068 2019 - DEMI PEIXOTO.pdf
300,9290-ResoluÃ§Ã£o 01 de 2015 - licenÃ§a Caitano.pdf
301,13416-260.pdf
302,13473-254.pdf
303,14528-PL NÂº 044 2019 - IVONALDO.pdf
304,8971-2.707.pdf
305,8418-LEI NÂº 662.PDF
306,1035-LEI 2193.pdf
307,13230-325.pdf
308,15653-158.pdf
309,16107-PARECER PL 172 2019 - CCJ.pdf
310,14139-029.pdf
311,9045-2.739.pdf
312,16082-PROJETO DE LEI NÂº 127 2019 - ANTENOR.pdf
313,14804-PROJETO DE LEI 074 2019 - IVONALDO.PDF
314,520-rgf-3q-2014.PDF
315,14532-PL NÂº 046 2019 - IVONALDO.pdf
316,14889-PI nÂº 039 2019 - Jeorgenes.pdf
317,15605-004.pdf
318,9270-2.670.pdf
319,14517-PARECER MENSAGEM 050 2019 - COFT.pdf
320,9070-2.760.pdf
321,15942-PROJETO DE LEI NÂº 113 2019 - ROBÃRIO.pdf
322,14518-MENSAGEM NÂº 050 2019.pdf
323,15885-PROJETO DE LEI NÂº 100 2019 - IVONALDO.pdf
324,14240-PI nÂº 009 2019 - Patriarca.pdf
325,15874-MENSAGEM 073.pdf
326,13214-147.pdf
327,15118-071.pdf
328,14263-PI nÂº 026 2019 - Pedro Rodrigues.pdf
329,9041-2.736.pdf
330,14977-349.pdf
331,13828-353.pdf
332,15903-PROJETO DE LEI NÂº 106 2019 - IVONALDO.pdf
333,9102-2.590.pdf
334,15193-PROJETO DE LEI NÂº 090 2019 - IVONALDO.pdf
335,9150-2.632.pdf
336,11403-PROJETO DE LEI 019 2019 - JEORGENES.pdf
337,14255-PI nÂº 018 2019 - Jeorgenes.pdf
338,15623-053.pdf
339,14374-PL nÂº 029 2019 - Helenita Souza Oliveira Nunes.pdf
340,12979-122.pdf
341,9138-2.623.pdf
342,14801-PROJETO DE LEI 071 2019 - IVONALDO.pdf
343,14243-PI nÂº 012 2019 - Raphael Pessoa Mota.pdf
344,13514-128.pdf
345,12949-241.pdf
346,7637-relatorio-de-gestao-fiscal-1o-quadrimestre-2018.pdf
347,13626-157.pdf
348,13189-251.pdf
349,9123-2.610.pdf
350,11321-PARECER MENS 035 CFOT.pdf
351,9069-2.759.pdf
352,9162-2.640.pdf
353,13432-344.pdf
354,13293-324.pdf
355,1330-Lei 2.394.pdf
356,9268-2.668.pdf
357,15035-ATA 2Âª ORD CCJ 2 SEMESTRE.pdf
358,9114-2.601.pdf
359,1037-LEI 2194.pdf
360,13477-274.pdf
361,14637-LEI 2.812.pdf
362,1264-Lei 2.366.pdf
363,9089-2.579.pdf
364,1421-Lei 2.402.pdf
365,1442-Lei 2.414.pdf
366,13741-203.pdf
367,16431-PROJETO DE LEI NÂº 150 2019 - IVONALDO LIMA.pdf
368,16175-LEI 2.844.pdf
369,15656-216.pdf
370,13246-189.pdf
371,14375-PL nÂº 031 2019 - Rafael Lacerda.pdf
372,14269-PI nÂº 032 2019 - Tales Alves Saraiva.pdf
373,11084-MENSAGEM 011.pdf
374,15119-078.pdf
375,12380-PROJETO DE LEI 027 2019 - JEORGENES (4).pdf
376,9151-2.633.pdf
377,15519-PL 105 2019 LUCINILDO.pdf
378,1426-Lei 2.405.pdf
379,15585-PL 110 2019 LUCINILDO.pdf
380,4812-rgf-2-quadrimestre-2016-cmmc.pdf
381,13872-196.pdf
382,11431-PROJETO DE LEI 026 2019 - HELENITA.pdf
383,13858-124.pdf
384,9065-2.755.pdf
385,1399-lei_2226.pdf
386,15277-132.pdf
387,14656-LEI 2.826.pdf
388,15586-PL 117 2019 RAPHAEL PESSOA.pdf
389,16345-LEI 2.853.pdf
390,16381-VER TALES.pdf
391,14554-PROJETO DE LEI 049 2019 - IVONALDO.pdf
392,13658-315.pdf
393,13408-245.pdf
394,16450-LEI 2.874.pdf
395,16202-MENSAGEM 084.pdf
396,13596-041.pdf
397,14652-LEI 2.827.pdf
398,16448-LEI 2.872.pdf
399,1045-LEI 2198.pdf
400,13424-313.pdf
401,9256-2.657.pdf
402,16169-LEI 2.842.pdf
403,15935-PARECER PL 072 EXECUTIVO CCJ.pdf
404,13502-031.pdf
405,16212-LEI 2.850.pdf
406,14151-157.pdf
407,16339-LEI 2.855.pdf
408,8936-2.678.pdf
409,11088-MENSAGEM 015.pdf
410,13297-357.pdf
411,14930-PI 071 2017.pdf
412,11076-MENSAGEM 003.pdf
413,9269-2.669.pdf
414,13812-277.pdf
415,11376-NONO_ADITIVO_CONTRATO_0922.pdf
416,9079-2.770.pdf
417,8421-LEI NÂº 665.PDF
418,11110-MENSAGEM 028.pdf
419,13684-170.pdf
420,14337-Parecer nÂº 034 2019 - CCJ.pdf
421,14758-PROJETO DE LEI 058 2019 - IVONALDO.pdf
422,9043-2.738.pdf
423,13269-088.pdf
424,9038-2.733.pdf
425,9056-2.748.pdf
426,16440-LEI 2.864.pdf
427,16567-MENSAGEM 002 2020.pdf
428,8996-2.730.pdf
429,9286-ResoluÃ§Ã£o 001 2016 - Trofeu dr Moura.pdf
430,1333-Lei 2.395.pdf
431,9294-ResoluÃ§Ã£o nÂº 001 de 2017 - Medalha Ivens Dias Branco.pdf
432,14962-PL NÂº 086 2019 - LUCINILDO.pdf
433,16397-RelatÃ³rio de Atividades Parlamentares 2019 -VER CHICO.pdf
434,12934-351.pdf
435,1428-Lei 2.406.pdf
436,986-LEI 2170.pdf
437,998-LEI 2176.pdf
438,15660-295.pdf
439,16200-MENSAGEM 087.pdf
440,13680-101.pdf
441,13449-071.pdf
442,9096-2.585.pdf
443,15630-127.pdf
444,13021-Parecer COFT nÂº 038 Executivo.pdf
445,11032-ATA 6Âª REUNIÃO EXTRAORDINÃRIA CCJ.pdf
446,14497-PARECER COFT MENSAGEM NÂº 047 2019.pdf
447,15236-275.pdf
448,8252-RESOLUÃÃO NÂº 002 DE 2018.pdf
449,15545-MENSAGEM nÂº 066 2019 EXECUTIVO.pdf
450,9289-ResoluÃ§Ã£o 005 altera horÃ¡rio das sessÃµes.pdf
451,15624-061.pdf
452,15879-MENSAGEM 077.pdf
453,15655-190.pdf
454,8983-2.719.pdf
455,14381-PL nÂº 035 2019 - Tales Alves Saraiva.pdf
456,8939-2.681.pdf
457,8951-2.693.pdf
458,13337-083.pdf
459,1311-Lei 2.386.PDF
460,9252-2.653.pdf
461,9147-2.629.pdf
462,16100-PROJETO DE LEI NÂº 142 2019 - JEORGENES.pdf
463,13345-144.pdf
464,9078-2.769.pdf
465,8972-2.708.pdf
466,13574-226.pdf
467,8941-2.683.pdf
468,14524-PL NÂº 041 2019 - IVONALDO.pdf
469,13483-306.pdf
470,13007-Parecer CCJ nÂº 037 Executivo.pdf
471,8407-LEI NÂº 653.PDF
472,15048-289.pdf
473,14380-PL nÂº 034 2019 - Tales Alves Saraiva.pdf
474,15033-PARECER PL 093 LEGISLATIVO CCJ.pdf
475,16462-MENSAGEM 093.pdf
476,11077-MENSAGEM 004.pdf
477,13244-182.pdf
478,16096-PROJETO DE LEI NÂº 137 2019 - ANTENOR.pdf
479,9171-2.648.pdf
480,15169-PI NÂº 072 2019 - JEORGENES CASTRO.pdf
481,8981-2.716.pdf
482,16178-LEI 2.848.pdf
483,14553-PROJETO DE LEI 048 2019 - IVONALDO.pdf
484,9145-2.627.pdf
485,9097-2.586.pdf
486,14627-LEI 2.804.pdf
487,12895-051.pdf
488,9118-2.605.pdf
489,13852-096.pdf
490,11377-MENSAGEM 033.pdf
491,16454-PROJETO DE RESOLUÃÃO N Âº 002 2019 - LUCENÃA ADAUTO.pdf
492,8410-LEI NÂº 655.PDF
493,8955-2.697.pdf
494,16351-LEI 2.860.pdf
495,13271-102.pdf
496,9253-2.654.pdf
497,13175-349.pdf
498,11486-Lei nÂº2.797-2019.pdf
499,9266-2.666.pdf
500,15149-368.pdf
501,13672-016.pdf
502,15625-082.pdf
503,8423-LEI NÂº 667.PDF
504,13878-224.pdf
505,14729-parecer 053 ccj.pdf
506,13017-Parecer CCj nÂº 041 Executivo.pdf
507,13154-195.pdf
508,13193-089.pdf
509,13413-250.pdf
510,8980-2.715.pdf
511,15356-319.pdf
512,13275-168.pdf
513,14521-PL NÂº 040 2019 - IVONALDO.pdf
514,14632-LEI 2.807.pdf
515,9128-2.614.pdf
516,11081-MENSAGEM 008.pdf
517,14703-Lei 2.835.pdf
518,15288-212.pdf
519,13798-219.pdf
520,16370-DELEG.pdf
521,15631-147.pdf
522,13846-078.pdf
523,8938-2.680.pdf
524,15536-179.pdf
525,15008-196.pdf
526,9137-2.622.pdf
527,11114-MENSAGEM 032.pdf
528,16396-RelatÃ³rio de Atividades Parlamentares 2019 - VER CRISTIANO.pdf
529,16401-RelatÃ³rio de Atividades Parlamentares 2019 - VER ANTENOR.pdf
530,16429-PROJETO DE LEI NÂº 148 2019 - IVONALDO LIMA.pdf
531,14624-LEI 2.802.pdf
532,8967-2.703.pdf
533,14883-PI nÂº 039 2019 - Jeorgenes.pdf
534,15260-002.pdf
535,15886-PROJETO DE LEI NÂº 101 2019 - IVONALDO.pdf
536,7960-lei614.pdf
537,8949-2.691.pdf
538,15224-035.pdf
539,16387-RelatÃ³rio de Atividades Parlamentares 2019 - VER PEDRO RODRIGUES.pdf
540,9129-2.615.pdf
541,1017-LEI 2186.pdf
542,15122-109.pdf
543,16097-PROJETO DE LEI NÂº 139 2019 - ALINE DO HOSPITAL.pdf
544,8256-RESOLUÃÃO NÂº 006 DE 2018.pdf
545,15945-PROJETO DE LEI NÂº 118 2019 - IVONALDO.pdf
546,8432-LEI NÂº 676.PDF
547,13187-265.pdf
548,14238-PI nÂº 007 2019 - Francisco AntÃ´nio Ferreira da Silva.pdf
549,8977-2.712.pdf
550,14887-PI nÂº 041 2019 - Jeorgenes.pdf
551,8454-LEI NÂº 699.PDF
552,904-LEI 2147.pdf
553,14811-Scan.pdf
554,14169-285.pdf
555,8978-2.713.pdf
556,15517-PL 102 2019 PATRIARCA.pdf
557,1306-Lei 2.384.pdf
558,12943-207.pdf
559,1049-LEI 2200.pdf
560,15280-366.pdf
561,15153-059.pdf
562,15588-PROJETO DE LEI NÂº 003 2019 - RAPHAEL PESSOA.pdf
563,13749-367.pdf
564,9110-2.598.pdf
565,16084-PROJETO DE LEI NÂº 129 2019 - ANTENOR.pdf
566,16380-rel_depad-01-10-2019-10-12-2019.pdf
567,982-LEI 2168.pdf
568,14329-Mensagem nÂº 044 2019.pdf
569,13901-356.pdf
570,8953-2.695.pdf
571,13519-244.pdf
572,1390-lei_2223.pdf
573,13876-213.pdf
574,8452-LEI NÂº 698.PDF
575,13600-056.pdf
576,11294-PARECER MENS 033 CEDU.pdf
577,15342-323.pdf
578,11025-parecer-coft-projeto-031-2019.pdf
579,11308-PARECER MENS 033 CEDU.pdf
580,15936-PARECER PL 070 EXECUTIVO CCJ.pdf
581,9053-2.746.pdf
582,13185-286.pdf
583,1313-Lei 2.387.pdf
584,15056-359.pdf
585,14699-Lei 2831.pdf
586,938-LEI 2160.pdf
587,16443-LEI 2.869.pdf
588,13181-301.pdf
589,1248-lei_2218.pdf
590,9116-2.603.pdf
591,14152-160.pdf
592,13420-281.pdf
593,1019-LEI 2187.pdf
594,1094-lei_2206.pdf
595,14268-PI nÂº 031 2019 - Tales Alves Saraiva.pdf
596,8995-2.729.pdf
597,14800-PROJETO DE LEI 070 2019 - IVONALDO.pdf
598,932-LEI 2157.pdf
599,14806-PROJETO DE LEI 076 2019 - IVONALDO.pdf
600,14778-PROJETO DE LEI 063 2019 - IVONALDO.pdf
601,15270-069.pdf
602,8969-2.705.pdf
603,902-LEI 2146.pdf
604,1403-lei_2228.pdf
605,14888-PI nÂº 040 2019 - Jeorgenes.pdf
606,16393-RelatÃ³rio de Atividades Parlamentares 2019 - VER IVANI.pdf
607,11095-MENSAGEM 020.pdf
608,14651-LEI 2.828.pdf
609,11111-MENSAGEM 029.pdf
610,14698-Lei 2.834.pdf
611,13594-036.pdf
612,13459-137.pdf
613,14505-PARECER COFT 49.pdf
614,15512-PROJETO DE LEI NÂº 095 2019 - PATRIARCA.pdf
615,14098-PDL 001 2019 - RAPHAEL PESSOA.pdf
616,13031-Mensagem nÂº 037 2019.pdf
617,9275-2.675.pdf
618,14730-parecer 054 ccj.pdf
619,14799-PROJETO DE LEI 069 2019 - IVONALDO.pdf
620,13479-284.pdf
621,14346-Parecer nÂº 044 2019 - CCJ.pdf
622,1424-Lei 2.403.pdf
623,16231-MENSAGEM 089.pdf
624,12975-199.pdf
625,13287-280.pdf
626,14950-PI nÂº 068 2019 RAPHAEL PESSOA.pdf
627,16437-LEI 2.866.pdf
628,15654-182.pdf
629,14383-PL nÂº 037 2019 - Tales Alves Saraiva.pdf
630,14235-PI nÂº 005 2019 - Pedro Rodrigues.pdf
631,14339-Parecer nÂº 034 2019 - EducaÃ§Ã£o.pdf
632,15026-PARECER PL 051 EXECUTIVO CCJ.pdf
633,15264-038.pdf
634,15247-021.pdf
635,15004-161.pdf
636,11388-PROJETO DE LEI 009 2019 - MESA DIRETORA.pdf
637,8416-LEI NÂº 660.PDF
638,13792-174.pdf
639,15651-136.pdf
640,16386-RelatÃ³rio de Atividades Parlamentares 2019 - VER RAFAEL LACERDA.pdf
641,14150-145.pdf
642,13277-205.pdf
643,13349-163.pdf
644,14265-PI nÂº 028 2019 - Patriarca.pdf
645,14272-PI nÂº 035 2019 - Tales Alves Saraiva.pdf
646,15336-284.pdf
647,15818-MENSAGEM 072.pdf
648,14234-PI nÂº 004 2019 - Francisco AntÃ´nio Ferreira da Silva.pdf
649,14257-PI nÂº 020 2019 - Rafael Lacerda.pdf
650,14762-PROJETO DE LEI 061 2019 - IVONALDO.pdf
651,12435-DECRETO LEGISLATIVO NÂº 003 - TÃ­tulo de cidadÃ£o GaudÃªncio GonÃ§al.pdf
652,8994-2.728.pdf
653,13676-065.pdf
654,8415-LEI NÂº 659.PDF
655,11085-MENSAGEM 012.pdf
656,15322-PARECER MENSAGEM 059 2019.pdf
657,9051-2.744.pdf
658,934-LEI 2158.pdf
659,6354-relatorio-gestao-fiscal-1o-quadrimestre-2017-cmmc.PDF
660,13652-291.pdf
661,13493-363.pdf
662,1155-lei_2213.pdf
663,15049-296.pdf
664,14496-PARECER CCJ MENSAGEM NÂº 047 2019.pdf
665,14885-PI nÂº 043 2019 - Ivonaldo.pdf
666,14803-PROJETO DE LEI 073 2019 - IVONALDO.pdf
667,8428-LEI NÂº 672.PDF
668,15189-PROJETO DE LEI NÂº 087 2019 - IVONALDO.pdf
669,13698-338.pdf
670,14708-Lei 2.840.pdf
671,9135-2.620.pdf
672,13487-328.pdf
673,953-LEI 2166.pdf
674,15884-PROJETO DE LEI NÂº 098 2019 - IVONALDO.pdf
675,984-LEI 2169.pdf
676,15338-298.pdf
677,13257-339.pdf
678,1252-lei_2220.pdf
679,13844-060.pdf
680,11080-MENSAGEM 007.pdf
681,12888-REQUERIMENTO LEGISLATIVO 008-2019.pdf
682,6901-rgf_2_quadrimestre-2017-cmmc.pdf
683,8970-2.706.pdf
684,11490-Lei nÂº2.800-2019.pdf
685,8442-LEI NÂº 687.PDF
686,11428-PROJETO DE LEI 023 2019 - JEORGENES.pdf
687,9153-2.635.pdf
688,13019-Parecer CCJ nÂº 042  Executivo.pdf
689,951-LEI 2165.pdf
690,14970-324.pdf
691,15902-PROJETO DE LEI NÂº 103 2019 - BERIM.pdf
692,15940-PROJETO DE LEI NÂº 111 2019 - IVONALDO.pdf
693,15069-274.pdf
694,15123-119.pdf
695,15037-ATA 4Âª EXTRAORD CCJ 2Âº SEMESTRE.pdf
696,15944-PROJETO DE LEI NÂº 116 2019 - CAPITÃO.pdf
697,11104-MENSAGEM 024.pdf
698,13533-323.pdf
699,13367-268.pdf
700,1434-Lei 2.410.pdf
701,8253-RESOLUÃÃO NÂº 003 DE 2018.pdf
702,14670-MENSAGEM 054.pdf
703,15140-263.pdf
704,13283-259.pdf
705,9090-2.580.pdf
706,14526-PL NÂº 043 2019.pdf
707,13772-058.pdf
708,14379-PL nÂº 033 2019 - Jeorgenes Castro e Silva.pdf
709,13371-020.pdf
710,14948-PI nÂº 067 2019 - RAPHAEL PESSOA.pdf
711,13616-120.pdf
712,13650-278.pdf
713,11089-MENSAGEM 016.pdf
714,15937-PARECER PL 092 LEGISLATIVO CCJ.pdf
715,16347-LEI 2.859.pdf
716,14149-135.pdf
717,14560-PROJETO DE LEI 056 2019 - IVONALDO.pdf
718,1419-Lei 2.401.pdf
719,1430-Lei 2.407.pdf
720,15639-026.pdf
721,1151-lei_2212.pdf
722,13714-115.pdf
723,15341-318.pdf
724,13830-361.pdf
725,14104-PI 001 2019 - RAPHAEL PESSOA.pdf
726,16079-PROJETO DE LEI NÂº 124 2019 - JOSUÃ MARTINS FERREIRA.pdf
727,9292-ResoluÃ§Ã£o 03 - VeiculaÃ§Ã£o de leis em rÃ¡dios - Ver ClÃ¡udio.pdf
728,14562-PROJETO DE LEI 057 2019 - IVONALDO.pdf
729,9160-2.638.pdf
730,9144-2.626.pdf
731,996-LEI 2175.pdf
732,14215-Parecer PL de nÂº  012 2019 - CCJ.pdf
733,9152-2.634.pdf
734,9261-2.661.pdf
735,15180-PROJETO DE LEI NÂº 084 2019 - IVONALDO.pdf
736,14136-007.pdf
737,8942-2.684.pdf
738,13602-059.pdf
739,13696-285.pdf
740,13177-337.pdf
741,11469-Lei nÂº2.791-2019.pdf
742,14220-Parecer PL de nÂº 043 2019 - CCJ.pdf
743,15875-MENSAGEM 074.pdf
744,14782-PROJETO DE LEI 065 2019 - IVANI AGUIAR.pdf
745,16012-RESOLUÃÃO nÂº 002 2019 - LICENÃA ADAUTO PARENTE.pdf
746,1015-LEI 2185.pdf
747,11449-Lei nÂº2.784-2019.pdf
748,11446-Lei nÂº2.783-2019.pdf
749,16442-LEI 2.868.pdf
750,13634-197.pdf
751,14943-MENSAGEM NÂº 063 2019 - EXECUTIVO.pdf
752,15271-080.pdf
753,13808-266.pdf
754,1385-lei_2221.pdf
755,16391-RelatÃ³rio de Atividades Parlamentares 2019 - VER JEORGENES.pdf
756,14642-LEI 2.817.pdf
757,1297-Lei 2.380.pdf
758,1245-lei_2217.pdf
759,9167-2.644.pdf
760,9119-2.606.pdf
761,14960-PL NÂº 080 2019 - RAPHAEL PESSOA.pdf
762,13860-139.pdf
763,13678-077.pdf
764,15943-PROJETO DE LEI NÂº 115 2019 - SILVANA MACIEL.pdf
765,906-LEI 2148.pdf
766,13832-004.pdf
767,11474-Lei nÂº2.794-2019.pdf
768,13220-198.pdf
769,14635-LEI 2.810.pdf
770,14270-O.pdf
771,14224-MENSAGEM NÂº 042 EXECUTIVO.pdf
772,15275-116.pdf
773,13469-237.pdf
774,14636-LEI 2.811.pdf
775,14140-039.pdf
776,14605-MENSAGEM NÂº 051 2019.pdf
777,14640-LEI 2.815.pdf
778,11087-MENSAGEM 014.pdf
779,13886-261.pdf
780,16088-PROJETO DE LEI NÂº 133 2019 - JEORGENES.pdf
781,14633-LEI 2.805.pdf
782,8937-2.679.pdf
783,14662-LEI 2.825.pdf
784,13864-161.pdf
785,14706-Lei 2.838.pdf
786,1013-LEI 2184.pdf
787,15634-187.pdf
788,16394-RelatÃ³rio de Atividades Parlamentares 2019 - VER HELENITA.pdf
789,9139-2.624.pdf
790,9274-2.674.pdf
791,13457-111.pdf
792,14273-PI nÂº 036 2019 - Tales Alves Saraiva (2).pdf
793,16086-PROJETO DE LEI NÂº 131 2019 - IVONALDO.pdf
794,518-rgf-2q-2014.pdf
795,13537-342.pdf
796,13295-330.pdf
797,1041-LEI 2196.pdf
798,12953-251.pdf
799,15227-138.pdf
800,9124-2.611.pdf
801,14217-Parecer PL nÂº 030 2019 - CCJ.pdf
802,15607-015.pdf
803,8447-LEI NÂº 692.PDF
804,1165-lei_2214.pdf
805,16014-RESOLUÃÃO NÂº 003 2019.pdf
806,14638-LEI 2.813.pdf
807,9122-2.609.pdf
808,13892-300.pdf
809,1256-Lei 2.362.pdf
810,9106-2.594.pdf
811,15265-041.pdf
812,8958-2.700.pdf
813,15633-166.pdf
814,1047-LEI 2199.pdf
815,9068-2.758.pdf
816,8419-LEI NÂº 663.PDF
817,13568-022.pdf
818,13838-037.pdf
819,11033-PARECER 032 EXECUTIVO  CCJ.pdf
820,15131-195.pdf
821,14980-page-1.pdf
822,918-LEI 2153.pdf
823,16176-LEI 2.845.pdf
824,11395-PROJETO DE LEI 015 2019 - JEORGENES.pdf
825,16376-rel-sepat-2019.pdf
826,13299-364.pdf
827,14274-PI nÂº 037 2019 - Tales Alves Saraiva.pdf
828,14938-MENSAGEM NÂº 060 2019 - EXECUTIVO.pdf
829,9107-2.595.pdf
830,14906-2Âº quadrimestre 2019.pdf
831,13786-151.pdf
832,15934-PARECER PL 069 EXECUTIVO CCJ.pdf
833,16436-LEI 2.863.pdf
834,14641-LEI 2.816.pdf
835,15635-189.pdf
836,13037-Mensagem nÂº 040 2019.pdf
837,13495-030.pdf
838,7639-procedimentos-para-informacoes.pdf
839,14802-PROJETO DE LEI 072 2019 - IVONALDO.pdf
840,8944-2.686.pdf
841,11401-PROJETO DE LEI 017 2019 - JEORGENES.pdf
842,13395-210.pdf
843,16093-PROJETO DE LEI NÂº 136 2019 - ALINE DO HOSPITAL.pdf
844,13608-081.pdf
845,14645-LEI 2.820.pdf
846,13453-100.pdf
847,13023-Parecer COFT nÂº 039 Executivo.pdf
848,13584-320.pdf
849,15947-MENSAGEM 078.pdf
850,13465-204.pdf
851,11074-MENSAGEM 001.pdf
852,11491-Lei nÂº2.801-2019.pdf
853,11115-PROJETO DE LEI 004 2019 - RAPHAEL PESSOA.pdf
854,14271-PI nÂº 034 2019 - Tales Alves Saraiva.pdf
855,14144-081.pdf
856,16353-PDL 002 2019 - ALINE DO HOSPITAL.pdf
857,13166-336.pdf
858,14944-MENSAGEM NÂº 064 2019 - EXECUTIVO.pdf
859,15030-PARECER PL 063 - EXECUTIVO CCJ.pdf
860,11406-PROJETO DE LEI 022 2019 - JEORGENES.pdf
861,14932-PL NÂº 095 2019 - PATRIARCA.pdf
862,14931-PL NÂº 096 2019 - JOSUÃ MARTINS.pdf
863,11317-PARECER MENS 033 CFOT.pdf
864,14710-Lei 2.809.pdf
865,9131-DOC004~1.PDF
866,16075-PROJETO DE LEI NÂº 163 2019 - TALES ALVES SARAIVA.pdf
867,16087-PROJETO DE LEI NÂº 132 2019 - IVONALDO.pdf
868,16446-LEI 2.871.pdf
869,13211-112.pdf
870,13321-001.pdf
871,9120-2.607.pdf
872,11381-PROJETO DE LEI 005 2019 - JEORGENES.pdf
873,16230-MENSAGEM 088.pdf
874,14788-PROJETO DE LEI 067 2019 - IVONALDO.pdf
875,15029-PARECER 064 EXECUTIVO CCJ.pdf
876,8430-LEI NÂº 674.PDF
877,8816-RESOLUÃÃO NÂº 002 DE 2018.pdf
878,12788-CONTRATO_0925.pdf
879,14785-PROJETO DE LEI 066 2019 - IVONALDO.pdf
880,8414-LEI NÂº 658.PDF
881,13011-Parecer CCJ nÂº 038 Executivo.pdf
882,8817-RESOLUÃÃO NÂº 003 DE 2018.pdf
883,9263-2.663.pdf
884,5691-Lei nÂº 2.540 - Define no Ã¢mbito da CÃ¢mara os serviÃ§os contÃ­nuos.pdf
885,13406-144.pdf
886,15081-339.pdf
887,16126-PROJETO DE LEI NÂº 143 2019 - IVONALDO.pdf
888,14253-PI nÂº 016 2019 - Lucinildo.pdf
889,924-LEI 2155.pdf
890,15650-128.pdf
891,1415-Lei 2.399.pdf
892,14937-MENSAGEM NÂº 059 2019 - EXECUTIVO.pdf
893,9050-2.743.pdf
894,13582-305.pdf
895,9109-2.597.pdf
896,13882-247.pdf
897,13826-327.pdf
898,13504-097.pdf
899,14256-PI nÂº 019 2019 - Patriarca.pdf
900,11026-ata-15a-reuniao-ccj.PDF
901,16089-PROJETO DE LEI NÂº 134 2019 - JEORGENES.pdf
902,13794-207.pdf
903,15346-360.pdf
904,940-LEI 2161.pdf
905,1440-Lei 2.413.pdf
906,14647-LEI 2.823.pdf
907,16101-PROJETO DE LEI NÂº 143 2019 - IVONALDO.pdf
908,15628-111.pdf
909,14262-PI nÂº 025 2019 - Maria Ivani.pdf
910,9265-2.665.pdf
911,16364-departamento-de-fiscalizacao-e-controle-2019.pdf
912,15949-MENSAGEM 080.pdf
913,15938-PARECER PL 093 LEGISLATIVO CCJ.pdf
914,1438-Lei 2.412.pdf
915,14228-PI nÂº 001 2019 - RAPHAEL PESSOA.pdf
916,10455-PL 001 2019 - ROBÃRIO.pdf
917,11468-Lei nÂº2.790-2019.pdf
918,9059-2.750.pdf
919,1301-Lei 2.382.pdf
920,13291-309.pdf
921,9157-2.637.pdf
922,14223-Mensagem n Âº 041 2019.pdf
923,15646-093.pdf
924,13146-156.pdf
925,1025-LEI 2190.pdf
926,1266-Lei 2.367.pdf
927,8957-2.699.pdf
928,16389-RelatÃ³rio de Atividades Parlamentares 2019 - VER MANOEL CORREIA.pdf
929,14154-185.pdf
930,9258-2.658.pdf
931,9250-2.652.pdf
932,14242-PI nÂº 011 2019 - Ivani.pdf
933,9781-ResoluÃ§Ã£o 001 de 2013 - Inclui a ComissÃ£o da Juventude.pdf
934,16441-LEI 2.865.pdf
935,11117-PROJETO DE LEI 005 2019 - JEORGENES.pdf
936,15546-MENSAGEM 039.pdf
937,7592-aprovacao-contas-2010.pdf
938,11119-PROJETO DE LEI 007 2019 - JOSUÃ MARTINS.pdf
939,15062-180.pdf
940,16588-200120084606.pdf
941,8818-RESOLUÃÃO NÂº 004 DE 2018.pdf
942,13361-222.pdf
943,13029-Mensagem nÂº 038 2019.pdf
944,15286-192.pdf
945,11086-MENSAGEM 013.pdf
946,14163-234.pdf
947,14558-PROJETO DE LEI 053 2019 - LUCINILDO.pdf
948,14671-MENSAGEM 056.pdf
949,12930-191.pdf
950,11375-PRIMEIRO_ADITIVO_CONTRATO_0915.pdf
951,1407-lei_2230.pdf
952,15028-PARECER PL 057 EXECUTIVO CCJ.pdf
953,14585-PROJETO DE RESOLUÃÃO N Âº 001 2019 - RAPHAEL.pdf
954,14164-248.pdf
955,15337-292.pdf
956,11106-MENSAGEM 025.pdf
957,9285-ResoluÃ§Ã£o  004 2016 LICENÃA RIBAMAR.pdf
958,9071-2.761.pdf
959,14557-PROJETO DE LEI 052 2019 - CARLOS ALBERTO.pdf
960,8445-LEI NÂº 690.PDF
961,13481-294.pdf
962,14604-PARECER MENSAGEM 052 COFT.pdf
963,14964-PL NÂº 08202019 - DEMI.pdf
964,13209-005.pdf
965,16099-PROJETO DE LEI NÂº 141 2019 - ROBÃRIO SANTOS OLIVEIRA.pdf
966,15618-033.pdf
967,11380-Mensagem nÂº 035 2019.pdf
968,9072-2.762.pdf
969,944-LEI 2163.pdf
970,16568-MENSAGEM 003 2020.pdf
971,14437-MENSAGEM 048.pdf
972,9172-2.649.pdf
973,9076-2.766.pdf
974,15207-153.pdf
975,15614-023.pdf
976,15343-329.pdf
977,15597-MENSAGEM 070.pdf
978,9169-2.646.pdf
979,11429-PROJETO DE LEI 024 2019 - JEORGENES.pdf
980,9103-2.591.pdf
981,9267-2.667.pdf
982,13441-019.pdf
983,8820-RESOLUÃÃO NÂº 006 DE 2018.pdf
984,13183-295.pdf
985,13499-348.pdf
986,13874-206.pdf
987,9060-2.751.pdf
988,14525-PL NÂº 042 2019 - IVONALDO.pdf
989,15190-PROJETO DE LEI NÂº 088 2019 - IVONALDO.pdf
990,15638-022.pdf
991,8968-2.704.pdf
992,13670-359.pdf
993,8979-2.714.pdf
994,15665-370.pdf
995,16180-LEI 2.849.pdf
996,14602-PARECER PL 004 2019 CCJ.pdf
997,9136-2.621.pdf
998,8935-2.677.pdf
999,15032-PARECER PL 092 LEGISLATIVO CCJ.pdf
1000,900-LEI 2145.pdf
1001,11399-PROJETO DE LEI 016 2019 - JEORGENES.pdf
1002,16382-VER. CEZINHA.pdf
1003,16128-PROJETO DE LEI NÂº 145 2019 - ROBÃRIO SANTOS OLIVEIRA.pdf
1004,13447-061.pdf
1005,1260-Lei 2.364.pdf
1006,14232-PI nÂº 003 2019 - Patriarca.pdf
1007,13708-012.pdf
1008,9276-2.676.pdf
1009,16398-RelatÃ³rio de Atividades Parlamentares 2019 -VER CAPITÃO.pdf
1010,14644-LEI 2.819.pdf
1011,14142-047.pdf
1012,"16583-Lei nÂº 2.543, de 12 de agosto de 2016 - Autoriza o Chefe do Execut (1).pdf"
1013,13015-Parecer CCJ nÂº 040 Executivo.pdf
1014,14342-Parecer nÂº 044 2019 - CFOT.pdf
1015,14170-291.pdf
1016,16423-MENSAGEM 079.pdf
1017,13632-192.pdf
1018,11450-Lei nÂº2.785-2019.pdf
1019,1315-Lei 2.388.pdf
1020,15229-170.pdf
1021,1387-lei_2222.pdf
1022,13570-033.pdf
1023,13224-240.pdf
1024,16374-comissao-de-pregao-2019.pdf
1025,8411-LEI NÂº 656.PDF
1026,15904-PROJETO DE LEI NÂº 107 2019 - IVONALDO.pdf
1027,11402-PROJETO DE LEI 018 2019 - JEORGENES.pdf
1028,14261-PI nÂº 024 2019 - Jeprgenes.pdf
1029,8945-2.687.pdf
1030,13870-194.pdf
1031,10457-PL 002 2019 - ROBÃRIO.pdf
1032,9039-2.734.pdf
1033,15274-110.pdf
1034,13648-271.pdf
1035,413-Lei 37.86.pdf
1036,15226-131.pdf
1037,15583-PL 108 2019 PEDRO RODRIGUES.pdf
1038,15055-350.pdf
1039,14148-126.pdf
1040,568-oficio-aprovacao-contas-2012.pdf
1041,13289-292.pdf
1042,13624-150.pdf
1043,16174-LEI 2.843.pdf
1044,14961-PL NÂº 083 2019 - IVONALDO.pdf
1045,14974-344.pdf
1046,9148-2.630.pdf
1047,13614-107.pdf
1048,15151-031.pdf
1049,16108-PARECER 071 LOA CCJ.pdf
1050,14979-374.pdf
1051,11467-Lei nÂº2.789-2019.pdf
1052,11382-PROJETO DE LEI 007 2019 - JOSUÃ MARTINS.pdf
1053,13796-211.pdf
1054,8991-2.725.pdf
1055,15210-294.pdf
1056,12945-215.pdf
1057,14643-LEI 2.818.pdf
1058,11082-MENSAGEM 009.pdf
1059,1274-Lei 2.371.pdf
1060,15661-308.pdf
1061,13732-164.pdf
1062,13888-276.pdf
1063,14933-MENSAGEM NÂº 065 2019 EXECUTIVO.pdf
1064,8254-RESOLUÃÃO NÂº 004 DE 2018.pdf
1065,908-LEI 2149.pdf
1066,13610-086.pdf
1067,13654-297.pdf
1068,9104-2.592.pdf
1069,8814-reso01.pdf
1070,9121-2.608.pdf
1071,13644-248.pdf
1072,13357-214.pdf
1073,16090-PROJETO DE LEI NÂº 135 2019 - JOSUÃ MARTINS FERREIRA.pdf
1074,15285-183.pdf
1075,14384-PL nÂº 038 2019 - Tales Alves Saraiva.pdf
1076,9100-2.588.pdf
1077,13110-013.pdf
1078,9037-2.732.pdf
1079,14631-LEI 2.806.pdf
1080,8988-2.724.pdf
1081,16214-LEI 2.851.pdf
1082,15626-083.pdf
1083,1031-LEI 2191.pdf
1084,9067-2.757.pdf
1085,15882-PROJETO DE LEI NÂº 097 2019 - IVONALDO.pdf
1086,14704-Lei 2.836.pdf
1087,11387-PROJETO DE LEI 008 - PEDRO RODRIGUES.pdf
1088,8444-LEI NÂº 689.PDF
1089,1411-Lei 2.397.pdf
1090,13240-113.pdf
1091,9087-2.577.pdf
1092,15289-222.pdf
1093,13410-202.pdf
1094,14646-LEI 2.821.pdf
1095,16343-LEI 2.851.pdf
1096,14595-PROJETO DE LEI 030 2019 - JOÃO MELIN.pdf
1097,8255-RESOLUÃÃO NÂº 005 DE 2018.pdf
1098,14333-Mensagem nÂº 046 2019.pdf
1099,16432-PROJETO DE LEI NÂº 151 2019 - IVONALDO LIMA.pdf
1100,3160-rgf-cmmc-1-quadrimestre-2016.pdf
1101,15148-361.pdf
1102,8431-LEI NÂº 675.PDF
1103,9782-ResoluÃ§Ã£o 002 de 2013 PlenÃ¡rio Wilsn CamurÃ§a.pdf
1104,11075-MENSAGEM 002.pdf
1105,15877-MENSAGEM 075.pdf
1106,8429-LEI NÂº 673.PDF
1107,16076-PROJETO DE LEI NÂº 159 2019 - IVONALDO.pdf
1108,16439-LEI 2.862.pdf
1109,1009-LEI 2182.pdf
1110,13718-153.pdf
1111,8993-2.727.pdf
1112,13191-178.pdf
1113,16565-MENSAGEM 001 2020.pdf
1114,15349-075.pdf
1115,1081-lei_2204.pdf
1116,8441-LEI NÂº 686.PDF
1117,13475-262.pdf
1118,13850-092.pdf
1119,11118-PROJETO DE LEI 006 2019- JEORGENES.pdf
1120,12433-DECRETO LEGISLATIVO NÂº 001 - TÃ­tulo de cidadÃ£o Renan Pereira Li.pdf
1121,15584-PL 109 2019 - MANOEL CORREIA.pdf
1122,11550-PARECER CCJ MENS 021.pdf
1123,16384-RelatÃ³rio de Atividades Parlamentares 2019 - VER SILVANA.pdf
1124,8965-2.702.pdf
1125,13060-Contrato_0927.pdf
1126,14259-PI nÂº 022 2019 - Lucinildo.pdf
1127,13203-093.pdf
1128,13451-090.pdf
1129,15002-140.pdf
1130,15218-345.pdf
1131,835-Lei nÂº2.326.pdf
1132,1075-lei_2201.pdf
1133,14779-PROJETO DE LEI 064 2019 - IVONALDO.pdf
1134,9254-2.655.pdf
1135,14216-Parecer PL de nÂº 026 2019 - CCJ.pdf
1136,8251-RESOLUÃÃO NÂº 001 DE 2018.pdf
1137,16167-LEI 2.841.pdf
1138,16232-MENSAGEM 090.pdf
1139,11101-MENSAGEM 022.pdf
1140,14709-Lei 2.822.pdf
1141,827-Lei nÂº2.322.pdf
1142,13646-258.pdf
1143,14954-PI NÂº 070 2019 - RAPAHEL PESSOA.pdf
1144,14520-PROJETO DE LEI 039 2019 - TALES ALVES SARAIVA.pdf
1145,13662-335.pdf
1146,15347-009.pdf
1147,14155-193.pdf
1148,1002-LEI 2178.pdf
1149,15941-PROJETO DE LEI NÂº 112 2019 - ROBÃRIO.pdf
1150,13524-298.pdf
1151,15214-322.pdf
1152,15657-232.pdf
1153,8943-2.685.pdf
1154,14141-043.pdf
1155,1432-Lei 2.409.pdf
1156,11090-MENSAGEM 017.pdf
1157,16081-PROJETO DE LEI NÂº 126 2019 - JOSUPE MARTINS FERREIRA.pdf
1158,1102-lei_2209.pdf
1159,9259-2.659.pdf
1160,8426-LEI NÂº 670.PDF
1161,11557-PARECER FINANÃAS MENS 036 2019.pdf
1162,9108-2.596.pdf
1163,14239-PI nÂº 008 2019 - Cristiano.pdf
1164,8424-LEI NÂº 668.PDF
1165,15587-PL 121 2019 TALES.pdf
1166,15046-276.pdf
1167,14761-PROJETO DE LEI 060 2019 - IVONALDO.pdf
1168,16375-OUVIDORIA.pdf
1169,9154-2.636.pdf
1170,9272-2.672.pdf
1171,15511-PROJETO DE LEI NÂº 094 2019 - ROBÃRIO.pdf
1172,8986-2.722.pdf
1173,9166-2.643.pdf
1174,9133-2.618.pdf
1175,15878-MENSAGEM 076.pdf
1176,1446-Lei 2.416.pdf
1177,15276-125.pdf
1178,11390-PROJETO DE LEI 011 2019 - RAPHAEL.pdf
1179,1250-lei_2219.pdf
1180,13285-272.pdf
1181,14886-PI nÂº 042 2019 - Ivonaldo.pdf
1182,11078-MENSAGEM 005.pdf
1183,13461-169.pdf
1184,14502-PARECER PDL 02 2019.pdf
1185,8950-2.692.pdf
1186,15034-ATA 1Âª ORD CCJ 2Âº SEMESTRE.pdf
1187,11466-Lei nÂº2.788-2019.pdf
1188,11484-Lei nÂº2.796-2019.pdf
1189,988-LEI 2171.pdf
1190,9783-ResoluÃ§Ã£o 003 de 2013 horÃ¡rio da sessÃ£o.pdf
1191,1328-Lei 2.393.pdf
1192,14145-089.pdf
1193,13234-034.pdf
1194,14266-PI nÂº 029 2019 - Tales Alves Saraiva.pdf
1195,14634-LEI 2.808.pdf
1196,15243-347.pdf
1197,8440-LEI NÂº 685.PDF
1198,13242-145.pdf
1199,12434-DECRETO LEGILSLATIVO NÂº 002 - Concede tÃ­tulo de CidadÃ£o ao sr. .pdf
1200,13694-256.pdf
1201,12959-282.pdf
1202,13880-238.pdf
1203,13281-255.pdf
1204,11389-PROJETO DE LEI 010 2019 - RAPHAEL.pdf
1205,15267-057.pdf
1206,13273-114.pdf
1207,13788-158.pdf
1208,13656-302.pdf
1209,1304-Lei 2.383.pdf
1210,9099-2.587.pdf
1211,16390-RelatÃ³rio de Atividades Parlamentares 2019 - VER LUCINILDO.pdf
1212,9049-2.742.pdf
1213,1039-LEI 2195.pdf
1214,15293-236.pdf
1215,1270-Lei 2.369.pdf
1216,11472-Lei nÂº2.793-2019.pdf
1217,1021-LEI 2188.pdf
1218,16392-RelatÃ³rio de Atividades Parlamentares 2019 - VER IVONALDO.pdf
1219,16191-MENSAGEM 086.pdf
1220,1023-LEI 2190.pdf
1221,1321-Lei 2.390.pdf
1222,9164-2.642.pdf
1223,1401-lei_2227.pdf
1224,16444-LEI 2.870.pdf
1225,16109-PARECER 071 LOA COFT.pdf
1226,11066-MENSAGEM 001.pdf
1227,14376-PL nÂº 032 2019 - Jeorgenes Castro e Silva.pdf
1228,8448-LEI NÂº 693.PDF
1229,16363-controladoria-geral-01-10-a-13-12-2019.pdf
1230,9143-2.625.pdf
1231,15031-PARECER PL 062 EXECUTIVO CCJ.pdf
1232,8425-LEI NÂº 669.PDF
1233,15663-355.pdf
1234,9255-2.656.pdf
1235,13747-321.pdf
1236,1043-LEI 2197.pdf
1237,13179-308.pdf
1238,9074-2.764.pdf
1239,1323-Lei 2.391.pdf
1240,8956-2.698.pdf
1241,16453-PROJETO DE RESOLUÃÃO N Âº 001 2019 - RAPHAEL.pdf
1242,13804-246.pdf
1243,13379-036.pdf
1244,1287-Lei 2.377.pdf
1245,14971-330.pdf
1246,15278-141.pdf
1247,15192-PROJETO DE LEI NÂº 089 2019 - IVONALDO.pdf
1248,15137-249.pdf
1249,9088-2.578.pdf
1250,14552-PROJETO DE LEI 047 2019 - IVONALDO.pdf
1251,14500-PARECER CCJ MENSAGEM NÂº  050 2019.pdf
1252,8940-2.682.pdf
1253,13580-264.pdf
1254,13666-343.pdf
1255,13598-048.pdf
1256,15139-258.pdf
1257,15120-090.pdf
1258,15125-133.pdf
1259,14958-PL NÂº 078 2019 - IVONALDO.pdf
1260,9249-2.651.pdf
1261,16344-LEI 2.852.pdf
1262,13774-068.pdf
1263,15514-PROJETO DE LEI NÂº 096 2019 - JOSUÃ MARTINS.pdf
1264,1444-Lei 2.415.pdf
1265,9132-2.617.pdf
1266,14254-PI nÂº 017 2019 - Jeorgenes.pdf
1267,14946-PI nÂº 065 2019 - RAPHAEL PESSOA.pdf
1268,15228-156.pdf
1269,9086-2.576.pdf
1270,9168-2.645.pdf
1271,14559-PROJETO DE LEI 054 2019 - JÃLIO CÃSAR.pdf
1272,14587-PARECER MENSAGEM 018 2019 EDUCAÃÃO.pdf
1273,14111-PI  003 2019.pdf
1274,14763-PROJETO DE LEI 062 2019 - IVONALDO.pdf
1275,9163-2.641.pdf
1276,1240-lei_2215.pdf
1277,13660-322.pdf
1278,8420-LEI NÂº 664.PDF
1279,13866-167.pdf
1280,15053-341.pdf
1281,11586-Contrato_0924_Lumen (1).pdf
1282,9063-2.754.pdf
1283,13404-236.pdf
1284,8975-2.710.pdf
1285,14973-338.pdf
1286,9057-2.749.pdf
1287,11108-MENSAGEM 026.pdf
1288,16348-LEI 2.857.pdf
1289,9092-2.582.pdf
1290,14264-PI nÂº 027 2019 - Manoel Correia.pdf
1291,15645-079.pdf
1292,9042-2.737.pdf
1293,7977-LEI NÂº 652.PDF
1294,8437-LEI NÂº 682.PDF
1295,16388-RelatÃ³rio de Atividades Parlamentares 2019 - VER PATRIARCA.pdf
1296,14373-PL nÂº 028 2019 - Jeorgenes Castro e Silva.pdf
1297,15231-224.pdf
1298,15340-311.pdf
1299,9134-2.619.pdf
1300,9161-2.639.pdf
1301,14959-PL NÂº 079 2019 - IVONALDO.pdf
1302,8946-2.688.pdf
1303,927-LEI 2156.pdf
1304,1285-Lei 2.376.pdf
1305,8435-LEI NÂº 680.PDF
1306,9094-2.584.pdf
1307,14147-118.pdf
1308,13710-018.pdf
1309,9264-2.664.pdf
1310,14940-MENSAGEM NÂº 061 2019 - EXECUTIVO.pdf
1311,14131-213.pdf
1312,14705-Lei 2.837.pdf
1313,14626-LEI 2.803.pdf
1314,15133-210.pdf
1315,955-LEI 2167.pdf
1316,13806-257.pdf
1317,13512-116.pdf
1318,15126-146.pdf
1319,9062-2.753.pdf
1320,8973-2.709.pdf
1321,850-Lei nÂº2.331.pdf
1322,13205-132.pdf
1323,15344-342.pdf
